Data,Sul,Sudeste,Norte,Nordeste
,,,,
01/05/2025 00:00:00,"4,22","33,23","17,96","18,08"
01/05/2025 01:00:00,"3,98","32,6","16,52","16,69"
01/05/2025 02:00:00,"3,1","32,25","16,05","16,32"
01/05/2025 03:00:00,"2,99","32,16","14,77","16,49"
01/05/2025 04:00:00,"2,97","31,8","14,94","15,95"
01/05/2025 05:00:00,"2,91","31,74","15,15","15,8"
01/05/2025 06:00:00,"3,37","32,12","12,71","16,77"
01/05/2025 07:00:00,"4,36","32,93","9,24","19,47"
01/05/2025 08:00:00,"5,38","34,34","8,35","18,91"
01/05/2025 09:00:00,"6,12","35,74","8,47","17,19"
01/05/2025 10:00:00,"6,51","37,17","8,81","16,15"
01/05/2025 11:00:00,"7,02","37,99","9,11","15,89"
01/05/2025 12:00:00,"6,95","37,79","9,12","15,9"
01/05/2025 13:00:00,"6,58","37,37","9,33","16,45"
01/05/2025 14:00:00,"5,84","36,85","10,87","15,9"
01/05/2025 15:00:00,"5,03","36,74","12,9","15,52"
01/05/2025 16:00:00,"4,53","37,88","14,6","15,46"
01/05/2025 17:00:00,"4,87","40,02","16,85","16,06"
01/05/2025 18:00:00,"7,43","41,27","17,44","18,98"
01/05/2025 19:00:00,"6,62","41,06","16,27","20,02"
01/05/2025 20:00:00,"4,89","40,7","15,62","20,08"
01/05/2025 21:00:00,"3,93","38,98","15,87","20,53"
01/05/2025 22:00:00,"3,42","36,72","15,85","20,84"
01/05/2025 23:00:00,"3,33","34,32","14,77","20,66"
02/05/2025 00:00:00,"3,3","31,82","14,14","19,88"
02/05/2025 01:00:00,"3,21","29,98","13,99","19,01"
02/05/2025 02:00:00,"3,29","29,36","14,05","17,6"
02/05/2025 03:00:00,"3,1","29,29","14,21","16,9"
02/05/2025 04:00:00,"2,72","29,49","13,87","17,51"
02/05/2025 05:00:00,"3,48","29,86","13,31","18,37"
02/05/2025 06:00:00,"4,91","30,6","11,32","20,62"
02/05/2025 07:00:00,6,"33,29","8,68","23,44"
02/05/2025 08:00:00,"6,37","35,61","8,73","23,76"
02/05/2025 09:00:00,"6,71","37,7","9,07","21,79"
02/05/2025 10:00:00,"6,91","39,5","9,43","20,73"
02/05/2025 11:00:00,"7,16","41,2","9,6","19,58"
02/05/2025 12:00:00,"6,87","41,29","9,71","18,71"
02/05/2025 13:00:00,"6,58","41,02","10,14","20,08"
02/05/2025 14:00:00,"6,45","39,3","11,91","21,54"
02/05/2025 15:00:00,"6,45","38,74","13,25","21,78"
02/05/2025 16:00:00,"7,26","39,56","14,62","20,31"
02/05/2025 17:00:00,8,"39,92","16,78","19,48"
02/05/2025 18:00:00,"9,75","41,86","16,28","21,06"
02/05/2025 19:00:00,"8,05","41,62","15,7","21,92"
02/05/2025 20:00:00,"6,51","40,8","15,56","21,8"
02/05/2025 21:00:00,"5,9","39,59","15,75","21,76"
02/05/2025 22:00:00,"4,98","37,52","15,44","22,04"
02/05/2025 23:00:00,"4,21","35,01","14,77","22,15"
03/05/2025 00:00:00,"4,14","32,19","13,7","21,7"
03/05/2025 01:00:00,"3,86","30,5","13,73","20,17"
03/05/2025 02:00:00,"3,19","29,6","13,9","19,47"
03/05/2025 03:00:00,"2,72","29,37","13,63","19,05"
03/05/2025 04:00:00,"2,73","29,44","13,64","18,44"
03/05/2025 05:00:00,"2,77","29,93","13,63","18,12"
03/05/2025 06:00:00,"3,37","30,49","12,52","18,41"
03/05/2025 07:00:00,"4,34","33,46",12,"16,62"
03/05/2025 08:00:00,"5,41","35,91","10,76","16,06"
03/05/2025 09:00:00,"6,14","37,49","10,59","14,73"
03/05/2025 10:00:00,"6,53","38,43","10,9","14,33"
03/05/2025 11:00:00,"6,82","39,41","10,94","13,88"
03/05/2025 12:00:00,"6,65","39,54","11,11","13,7"
03/05/2025 13:00:00,"6,18","39,09","10,95","14,41"
03/05/2025 14:00:00,"5,47","37,7","10,76","16,09"
03/05/2025 15:00:00,"5,29","36,85","11,36","16,91"
03/05/2025 16:00:00,"5,67","37,47","13,42","16,37"
03/05/2025 17:00:00,"5,87","38,93","16,42","17,58"
03/05/2025 18:00:00,"7,89","40,55","16,39","21,16"
03/05/2025 19:00:00,"7,42","39,63","15,49","21,43"
03/05/2025 20:00:00,"5,22","38,59","15,2","22,11"
03/05/2025 21:00:00,"4,15","37,36","14,9","22,34"
03/05/2025 22:00:00,"3,22","35,24","13,97","22,84"
03/05/2025 23:00:00,"2,69","33,66","13,44","22,11"
04/05/2025 00:00:00,"3,24","29,96","13,75","21,57"
04/05/2025 01:00:00,"3,36","27,51","13,77","20,84"
04/05/2025 02:00:00,"2,9","27,54","12,07","20,95"
04/05/2025 03:00:00,"2,8","27,54","10,95","20,85"
04/05/2025 04:00:00,"2,96","27,38","10,5","20,4"
04/05/2025 05:00:00,"3,02","27,33","11,06","19,41"
04/05/2025 06:00:00,"3,12","28,12","9,29","19,68"
04/05/2025 07:00:00,"3,78","30,16","8,91","17,47"
04/05/2025 08:00:00,"4,55","32,26","9,54","14,17"
04/05/2025 09:00:00,"5,37","35,03","10,88","9,52"
04/05/2025 10:00:00,"5,99","36,11","11,5","8,23"
04/05/2025 11:00:00,"6,44","37,11","11,85","8,48"
04/05/2025 12:00:00,"6,46","36,79","11,78","9,09"
04/05/2025 13:00:00,"6,08","35,7","11,5","9,63"
04/05/2025 14:00:00,"5,36","34,87","11,26","11,2"
04/05/2025 15:00:00,"4,75","34,33","12,56","12,9"
04/05/2025 16:00:00,"4,43","35,06","13,46","15,23"
04/05/2025 17:00:00,"4,6","38,09","15,38","16,92"
04/05/2025 18:00:00,"6,52","40,69","16,64","18,7"
04/05/2025 19:00:00,"4,97","40,07","16,12","20,27"
04/05/2025 20:00:00,"4,25","38,91","15,62","20,93"
04/05/2025 21:00:00,"3,85","37,63","15,64","20,84"
04/05/2025 22:00:00,"3,84","35,88","15,13","20,28"
04/05/2025 23:00:00,"3,73","34,2","14,11","19,41"
05/05/2025 00:00:00,"3,61","32,45","13,07","18,94"
05/05/2025 01:00:00,"3,55","31,2","12,15","18,7"
05/05/2025 02:00:00,"3,62","30,21","11,38","18,96"
05/05/2025 03:00:00,"3,61","29,42",11,"19,19"
05/05/2025 04:00:00,"3,79","29,26","10,94","19,52"
05/05/2025 05:00:00,"4,23","30,21","12,76","19,3"
05/05/2025 06:00:00,"5,81",32,"12,85","20,66"
05/05/2025 07:00:00,"6,9","35,04","10,46","23,04"
05/05/2025 08:00:00,"8,35","37,55","10,58","22,75"
05/05/2025 09:00:00,"8,64","39,54","10,81","21,41"
05/05/2025 10:00:00,"9,51","41,23","11,24","20,08"
05/05/2025 11:00:00,"10,8","41,89","11,6","18,28"
05/05/2025 12:00:00,"9,41","41,87","11,61","17,78"
05/05/2025 13:00:00,"9,11","42,19","11,97","19,23"
05/05/2025 14:00:00,"9,84","41,8","13,33","19,28"
05/05/2025 15:00:00,"9,53","42,02","14,46","19,24"
05/05/2025 16:00:00,"9,58","42,04","17,01","18,4"
05/05/2025 17:00:00,"9,39","41,34","18,8","17,59"
05/05/2025 18:00:00,"9,65","43,94","17,09","19,64"
05/05/2025 19:00:00,"8,73","44,14","15,68",21
05/05/2025 20:00:00,"7,46","43,94","15,24","21,74"
05/05/2025 21:00:00,"6,64","42,94","15,02","22,68"
05/05/2025 22:00:00,"5,77","40,61","14,15","22,74"
05/05/2025 23:00:00,"4,31","38,29","13,45","21,91"
06/05/2025 00:00:00,"3,7","35,06","13,68","20,92"
06/05/2025 01:00:00,"3,14","32,92","13,76","20,21"
06/05/2025 02:00:00,"3,1","31,77","14,17","19,03"
06/05/2025 03:00:00,"3,12","31,49","14,2","18,37"
06/05/2025 04:00:00,"3,22","31,97","14,41","18,02"
06/05/2025 05:00:00,"4,25","32,88","14,78","18,16"
06/05/2025 06:00:00,"6,27","33,85","14,01","19,85"
06/05/2025 07:00:00,"7,97","35,28","11,81","22,7"
06/05/2025 08:00:00,"9,43","37,74","10,72","22,75"
06/05/2025 09:00:00,"10,39","39,46","9,48","22,15"
06/05/2025 10:00:00,"11,02","40,88","9,77","21,07"
06/05/2025 11:00:00,"11,23","41,86","10,3","20,09"
06/05/2025 12:00:00,"10,36","41,47","11,28","18,87"
06/05/2025 13:00:00,"10,18","42,43","13,27","18,35"
06/05/2025 14:00:00,"11,28","42,18","14,36","18,22"
06/05/2025 15:00:00,11,"41,92","16,11","17,72"
06/05/2025 16:00:00,"10,34","40,61","18,46","18,58"
06/05/2025 17:00:00,"10,16","40,58","18,16","18,92"
06/05/2025 18:00:00,"10,5","43,49","16,75","20,55"
06/05/2025 19:00:00,"9,43","43,82","15,21","22,14"
06/05/2025 20:00:00,"8,25","43,69","13,78","23,2"
06/05/2025 21:00:00,"7,79","42,71","13,61","23,73"
06/05/2025 22:00:00,"6,98","40,2","14,04","22,92"
06/05/2025 23:00:00,"5,67","37,27","14,2","21,89"
07/05/2025 00:00:00,"4,67","34,55","13,64","21,67"
07/05/2025 01:00:00,"4,5","32,38","13,01","21,16"
07/05/2025 02:00:00,"4,02","32,19","12,25","20,32"
07/05/2025 03:00:00,4,"32,83","11,3","19,65"
07/05/2025 04:00:00,"4,38","32,6","11,44","19,58"
07/05/2025 05:00:00,"5,3","32,75","12,75","19,84"
07/05/2025 06:00:00,"7,49","33,87","11,63","21,56"
07/05/2025 07:00:00,"8,82","36,79","9,04","23,5"
07/05/2025 08:00:00,"10,27","38,37","7,79","24,85"
07/05/2025 09:00:00,"11,99","39,17","8,1","23,12"
07/05/2025 10:00:00,"12,09","41,48","8,56","22,19"
07/05/2025 11:00:00,"12,32","43,01","8,62","21,24"
07/05/2025 12:00:00,"10,95","43,08","8,67","20,58"
07/05/2025 13:00:00,"11,34","43,09","10,05","21,42"
07/05/2025 14:00:00,"11,99","43,32","11,4","20,8"
07/05/2025 15:00:00,"12,12","42,89","13,68","19,48"
07/05/2025 16:00:00,"11,84","42,48","17,15","17,61"
07/05/2025 17:00:00,"11,63","42,16","18,57","16,66"
07/05/2025 18:00:00,"11,75","43,33","18,41","19,13"
07/05/2025 19:00:00,"10,81","42,68","16,81","20,81"
07/05/2025 20:00:00,"9,84","42,88","15,41","21,81"
07/05/2025 21:00:00,"9,17","43,06","14,48","22,14"
07/05/2025 22:00:00,"8,33","39,8","14,82","22,59"
07/05/2025 23:00:00,"7,31","36,58","14,69","22,04"
08/05/2025 00:00:00,"5,3","34,26","14,54","21,8"
08/05/2025 01:00:00,"4,94","32,27","13,56","21,47"
08/05/2025 02:00:00,"4,2","31,34","13,13","21,29"
08/05/2025 03:00:00,"3,93","30,87","12,89","21,09"
08/05/2025 04:00:00,4,"31,14","12,91","20,88"
08/05/2025 05:00:00,"5,05","32,42","13,07","20,88"
08/05/2025 06:00:00,"7,15","33,8",12,"22,19"
08/05/2025 07:00:00,"8,98","36,79","8,96","24,01"
08/05/2025 08:00:00,"11,04","38,45","8,41","23,94"
08/05/2025 09:00:00,"12,67","38,7","9,05","22,27"
08/05/2025 10:00:00,"12,89","40,36","9,46","21,7"
08/05/2025 11:00:00,"12,97","41,92","9,41","20,94"
08/05/2025 12:00:00,"11,3","41,81","9,29","20,81"
08/05/2025 13:00:00,"11,17","43,09","9,3","21,97"
08/05/2025 14:00:00,"11,86","43,35","10,31","22,21"
08/05/2025 15:00:00,"12,07","42,76","12,56","21,19"
08/05/2025 16:00:00,"12,11","42,26","15,89","19,22"
08/05/2025 17:00:00,"11,84","41,09","17,95","18,77"
08/05/2025 18:00:00,"11,65","43,55","16,35","21,29"
08/05/2025 19:00:00,"10,61","44,23","14,33","22,45"
08/05/2025 20:00:00,"9,63","43,97",14,"22,66"
08/05/2025 21:00:00,"8,72","43,77","14,22","22,82"
08/05/2025 22:00:00,"8,37","40,4","14,1","23,02"
08/05/2025 23:00:00,"7,83","36,91","14,07","22,88"
09/05/2025 00:00:00,"5,49","35,08","13,19","22,87"
09/05/2025 01:00:00,"5,03","33,99","11,86","22,1"
09/05/2025 02:00:00,"4,71","33,29","11,31","21,22"
09/05/2025 03:00:00,"4,39","33,34","10,92","20,83"
09/05/2025 04:00:00,"4,22","33,65","10,55","21,31"
09/05/2025 05:00:00,"4,68","34,02","11,12","22,09"
09/05/2025 06:00:00,"7,27","34,24","11,06","23,01"
09/05/2025 07:00:00,"9,97","36,08","9,12","24,37"
09/05/2025 08:00:00,"12,89","36,56","8,43","25,11"
09/05/2025 09:00:00,"12,23","39,52","8,65","24,89"
09/05/2025 10:00:00,"12,68","41,66","8,91","24,62"
09/05/2025 11:00:00,"13,05","43,14","9,03","24,09"
09/05/2025 12:00:00,"11,91","42,8","8,95","23,72"
09/05/2025 13:00:00,"12,62","44,37","10,3","22,26"
09/05/2025 14:00:00,"13,11","44,74","12,82","20,2"
09/05/2025 15:00:00,"12,76","43,64","16,13","18,54"
09/05/2025 16:00:00,"12,52","43,15","19,53","15,98"
09/05/2025 17:00:00,"12,06","42,39","20,05","16,59"
09/05/2025 18:00:00,"11,39","44,79","17,65","19,72"
09/05/2025 19:00:00,"10,68","44,13","16,08","20,77"
09/05/2025 20:00:00,"10,04","42,34","15,53","21,44"
09/05/2025 21:00:00,"9,76","40,97","14,86","22,78"
09/05/2025 22:00:00,"9,12","38,6","14,7","23,4"
09/05/2025 23:00:00,"7,37","36,92","14,57","23,37"
10/05/2025 00:00:00,"5,61","35,33","14,3","22,8"
10/05/2025 01:00:00,"4,47","34,4","13,33","21,6"
10/05/2025 02:00:00,"4,08","32,95","12,55","21,54"
10/05/2025 03:00:00,"3,99","32,22","12,49",21
10/05/2025 04:00:00,"3,88","31,97","12,4",21
10/05/2025 05:00:00,"3,9","31,57","12,62","21,19"
10/05/2025 06:00:00,"4,43","32,01","10,74","22,51"
10/05/2025 07:00:00,"6,06","33,42",9,"23,23"
10/05/2025 08:00:00,"6,98","35,78","8,49","23,17"
10/05/2025 09:00:00,"7,05","37,41","8,44","22,57"
10/05/2025 10:00:00,"7,05","39,15","8,71","21,17"
10/05/2025 11:00:00,"7,21","40,07","8,91","19,72"
10/05/2025 12:00:00,"7,03","40,13","8,96","18,91"
10/05/2025 13:00:00,"6,82","40,01","9,42","18,32"
10/05/2025 14:00:00,"6,23","39,56","10,18","18,79"
10/05/2025 15:00:00,"5,37","38,92","12,27","19,38"
10/05/2025 16:00:00,"5,25","39,21","15,66","17,65"
10/05/2025 17:00:00,"6,39","41,28","15,75","19,29"
10/05/2025 18:00:00,"7,79","43,14","15,07","21,76"
10/05/2025 19:00:00,"7,33","41,48","13,73","23,28"
10/05/2025 20:00:00,"6,29","40,29","12,42","24,21"
10/05/2025 21:00:00,"5,5","38,65","12,53","24,39"
10/05/2025 22:00:00,"4,73","36,82","12,83","23,98"
10/05/2025 23:00:00,"4,12","34,73","12,67","23,61"
11/05/2025 00:00:00,"3,6","33,52","12,07","22,52"
11/05/2025 01:00:00,"3,17","31,99","11,87","21,47"
11/05/2025 02:00:00,"2,93","30,99","11,29","20,98"
11/05/2025 03:00:00,"2,93","30,47","11,47","19,82"
11/05/2025 04:00:00,"2,84","30,73","11,27","18,9"
11/05/2025 05:00:00,"2,85","31,09","11,05","18,12"
11/05/2025 06:00:00,"3,17","30,27","9,48","19,3"
11/05/2025 07:00:00,"3,95",31,"7,95","19,18"
11/05/2025 08:00:00,"4,9","31,72","7,94","18,4"
11/05/2025 09:00:00,"5,76","33,86","7,32","16,61"
11/05/2025 10:00:00,"5,92","35,3","7,46","15,72"
11/05/2025 11:00:00,"6,02","35,55","7,57","15,29"
11/05/2025 12:00:00,"5,95","35,43","7,43","13,84"
11/05/2025 13:00:00,"5,48","34,51","7,33","12,82"
11/05/2025 14:00:00,"4,72","33,58","7,97","12,43"
11/05/2025 15:00:00,"3,91","32,76","9,54","14,11"
11/05/2025 16:00:00,"3,75","33,38","11,91","15,56"
11/05/2025 17:00:00,"4,11","37,05","15,33","15,99"
11/05/2025 18:00:00,"5,43","39,47","15,97","18,69"
11/05/2025 19:00:00,"5,21","37,31","15,27","21,34"
11/05/2025 20:00:00,"4,68","36,74","14,07","22,77"
11/05/2025 21:00:00,"4,15","36,04","13,93","23,01"
11/05/2025 22:00:00,"3,71","34,1","13,71","23,26"
11/05/2025 23:00:00,"3,52","32,34","12,34","23,02"
12/05/2025 00:00:00,"3,02","30,17","11,91","22,31"
12/05/2025 01:00:00,"2,87","27,84","12,27","22,03"
12/05/2025 02:00:00,"2,71","27,44","12,26","21,06"
12/05/2025 03:00:00,"2,55","27,64","11,75","20,64"
12/05/2025 04:00:00,"2,87","27,63","11,52","21,12"
12/05/2025 05:00:00,"4,09","28,53","11,85","21,47"
12/05/2025 06:00:00,"6,29","30,87","11,8","21,79"
12/05/2025 07:00:00,"7,39","33,65","10,69","23,02"
12/05/2025 08:00:00,"8,65","36,56","9,21","23,31"
12/05/2025 09:00:00,"9,55","38,15","8,36","22,38"
12/05/2025 10:00:00,"10,14",39,"8,44","22,07"
12/05/2025 11:00:00,"9,41","39,92","8,89","21,72"
12/05/2025 12:00:00,"8,78","39,88","8,72","20,07"
12/05/2025 13:00:00,"8,55","41,19","9,26","20,44"
12/05/2025 14:00:00,"8,74","41,51","10,29","20,94"
12/05/2025 15:00:00,"10,12","41,17","10,67","20,47"
12/05/2025 16:00:00,"10,23","41,8","12,52","19,22"
12/05/2025 17:00:00,"10,19","38,84","15,59","20,48"
12/05/2025 18:00:00,"10,7","39,49","15,58","22,89"
12/05/2025 19:00:00,"10,05","39,74","15,19","22,99"
12/05/2025 20:00:00,"8,86","39,63","14,81","23,18"
12/05/2025 21:00:00,"8,19","38,82","14,76","23,57"
12/05/2025 22:00:00,"7,58","35,43","14,43","23,64"
12/05/2025 23:00:00,"5,33","34,2","14,98","22,32"
13/05/2025 00:00:00,"4,47","31,31","14,21","22,61"
13/05/2025 01:00:00,"4,13","29,95","12,6","22,38"
13/05/2025 02:00:00,"3,83","29,33","12,13","21,79"
13/05/2025 03:00:00,"3,68","29,23","11,62","21,55"
13/05/2025 04:00:00,"3,91","29,19","11,8","21,76"
13/05/2025 05:00:00,"4,89","30,08","12,66","21,59"
13/05/2025 06:00:00,"7,02","32,05","11,71","22,71"
13/05/2025 07:00:00,"8,85",35,"9,85","23,53"
13/05/2025 08:00:00,"9,68","36,28","9,28","24,87"
13/05/2025 09:00:00,"9,48","37,77","9,23","23,84"
13/05/2025 10:00:00,"10,13","38,8","9,46","23,03"
13/05/2025 11:00:00,"11,42","39,88","10,43","19,8"
13/05/2025 12:00:00,"9,55","39,49","10,72","19,25"
13/05/2025 13:00:00,"9,24","40,84","10,86","19,56"
13/05/2025 14:00:00,"10,39","39,71","11,56","21,09"
13/05/2025 15:00:00,"10,52","39,45","11,93","21,59"
13/05/2025 16:00:00,"11,15","39,97","13,34","20,07"
13/05/2025 17:00:00,"10,99","39,85","14,54","19,86"
13/05/2025 18:00:00,"11,55","40,35","15,13","22,08"
13/05/2025 19:00:00,"10,88","40,76","14,61","21,38"
13/05/2025 20:00:00,"9,66","40,63","14,42","21,36"
13/05/2025 21:00:00,"8,98","39,73","14,15","21,86"
13/05/2025 22:00:00,"7,51","37,17","14,09","21,6"
13/05/2025 23:00:00,"5,33","34,71","13,67","21,21"
14/05/2025 00:00:00,"3,75","32,51","13,04","20,53"
14/05/2025 01:00:00,"3,53","29,78","12,23","20,83"
14/05/2025 02:00:00,"3,55","28,63","11,93","20,25"
14/05/2025 03:00:00,"3,61","28,28","11,74","19,81"
14/05/2025 04:00:00,"4,02","28,66","11,71","19,19"
14/05/2025 05:00:00,"4,71","30,44","12,48","18,86"
14/05/2025 06:00:00,"7,03","32,37","12,03","20,11"
14/05/2025 07:00:00,"8,37","35,94","10,61","21,68"
14/05/2025 08:00:00,"9,09","37,37","9,3","23,58"
14/05/2025 09:00:00,"9,56","38,04","8,9","23,12"
14/05/2025 10:00:00,"10,25","39,16","9,38","21,95"
14/05/2025 11:00:00,"10,43","39,74","9,47","21,64"
14/05/2025 12:00:00,"8,96","39,41","9,4","21,17"
14/05/2025 13:00:00,"8,44","40,01","10,02","22,22"
14/05/2025 14:00:00,"10,17","38,99","10,65","21,91"
14/05/2025 15:00:00,"10,16","37,6","12,13","22,14"
14/05/2025 16:00:00,"10,63","37,76","14,66","20,71"
14/05/2025 17:00:00,"9,26","40,92","15,63","19,71"
14/05/2025 18:00:00,"10,18","43,68","15,29","20,37"
14/05/2025 19:00:00,"10,18","41,84","14,94","21,3"
14/05/2025 20:00:00,"9,27","41,48","14,3","21,18"
14/05/2025 21:00:00,"7,99","41,06","14,26","21,37"
14/05/2025 22:00:00,"6,54","38,42","14,33","20,99"
14/05/2025 23:00:00,"5,05","34,96","14,05","20,88"
15/05/2025 00:00:00,"3,84","32,99","12,77","20,67"
15/05/2025 01:00:00,"3,7","31,34","11,8","20,65"
15/05/2025 02:00:00,"3,28","30,52","11,74","20,13"
15/05/2025 03:00:00,"3,01","30,05","11,84","19,66"
15/05/2025 04:00:00,"3,23","30,3","11,81","19,6"
15/05/2025 05:00:00,"4,79","31,87","11,86","19,57"
15/05/2025 06:00:00,"7,88","32,91","12,32","19,7"
15/05/2025 07:00:00,"9,16","35,54","10,49","21,16"
15/05/2025 08:00:00,"10,08","36,58","9,87","21,63"
15/05/2025 09:00:00,"9,67","36,95","10,18","20,48"
15/05/2025 10:00:00,"9,86","38,05","10,51","19,75"
15/05/2025 11:00:00,"9,71","39,86","10,59","18,34"
15/05/2025 12:00:00,"8,53","39,92","10,59","17,46"
15/05/2025 13:00:00,"8,52","40,65","10,7","18,31"
15/05/2025 14:00:00,"9,16","42,32","11,36","18,13"
15/05/2025 15:00:00,"10,46","41,39","12,28","18,46"
15/05/2025 16:00:00,"11,41","40,37","14,79","18,05"
15/05/2025 17:00:00,"10,27","40,86","17,55","17,73"
15/05/2025 18:00:00,"10,3","43,47","16,73","19,7"
15/05/2025 19:00:00,"10,07","42,64","16,4","19,66"
15/05/2025 20:00:00,"8,41","41,9","16,25","20,53"
15/05/2025 21:00:00,"7,88","40,98","16,18","20,86"
15/05/2025 22:00:00,"8,12","38,72","14,7",20
15/05/2025 23:00:00,"8,11","38,06","13,37","16,78"
16/05/2025 00:00:00,"5,8","35,48","15,37","15,36"
16/05/2025 01:00:00,"4,69","32,3","14,72","16,72"
16/05/2025 02:00:00,"3,85","30,28","12,86","19,63"
16/05/2025 03:00:00,"3,59","29,11","11,89","21,14"
16/05/2025 04:00:00,"3,99","29,46","11,55","21,12"
16/05/2025 05:00:00,"5,48","30,22","11,6","21,38"
16/05/2025 06:00:00,"7,88","31,98","12,11","21,05"
16/05/2025 07:00:00,"8,66","34,54","11,02","22,74"
16/05/2025 08:00:00,"9,75","36,32","9,43","24,21"
16/05/2025 09:00:00,"10,4","38,39","9,8","21,44"
16/05/2025 10:00:00,"10,48","40,01","10,38","19,77"
16/05/2025 11:00:00,"9,74","41,14","10,84","19,41"
16/05/2025 12:00:00,"8,71","40,57","10,89","18,63"
16/05/2025 13:00:00,"8,7","41,15","11,58","18,65"
16/05/2025 14:00:00,"10,03","40,11","12,17",19
16/05/2025 15:00:00,"11,48","38,33","13,54","18,18"
16/05/2025 16:00:00,"11,64","37,37","15,61","18,36"
16/05/2025 17:00:00,"10,93","38,75","16,98","18,96"
16/05/2025 18:00:00,"10,97","41,7","15,51","21,08"
16/05/2025 19:00:00,"10,64","40,28","14,89","21,72"
16/05/2025 20:00:00,"9,76","38,56","14,93","21,74"
16/05/2025 21:00:00,"9,48","37,17","14,26","22,41"
16/05/2025 22:00:00,"8,68","35,11","14,66","22,1"
16/05/2025 23:00:00,"5,7","34,17","14,58","22,07"
17/05/2025 00:00:00,"4,06","33,2","13,3","21,71"
17/05/2025 01:00:00,"3,29","32,57","11,53","21,24"
17/05/2025 02:00:00,"2,81","32,35","10,73","20,56"
17/05/2025 03:00:00,"2,58","31,89","10,66","20,57"
17/05/2025 04:00:00,"2,68","30,85","10,53","21,13"
17/05/2025 05:00:00,"2,96","31,39","10,15","21,02"
17/05/2025 06:00:00,"4,45","30,35","9,16","22,49"
17/05/2025 07:00:00,"6,79","30,97","8,27","22,87"
17/05/2025 08:00:00,"7,41","34,56","6,94","21,91"
17/05/2025 09:00:00,"7,42","35,84","7,37","21,22"
17/05/2025 10:00:00,"7,08","37,6","7,58","20,42"
17/05/2025 11:00:00,"7,15","38,24","7,55","20,37"
17/05/2025 12:00:00,"6,63","38,72","7,14","19,45"
17/05/2025 13:00:00,"6,27","38,74","7,09","20,1"
17/05/2025 14:00:00,"6,13","37,86","6,86","21,6"
17/05/2025 15:00:00,"6,2","37,13","7,95","21,84"
17/05/2025 16:00:00,"5,96","37,65","11,48","20,22"
17/05/2025 17:00:00,"6,24","40,26","15,08","19,74"
17/05/2025 18:00:00,"8,24","41,73","15,55","21,96"
17/05/2025 19:00:00,"7,15","40,4",15,"22,57"
17/05/2025 20:00:00,"6,16","38,54","14,85","22,45"
17/05/2025 21:00:00,"4,86","37,29","14,99","22,42"
17/05/2025 22:00:00,"3,71","35,44","14,77","22,4"
17/05/2025 23:00:00,"3,39","33,2","14,59","21,75"
18/05/2025 00:00:00,"3,37","31,38","12,35","22,1"
18/05/2025 01:00:00,"3,8","29,74","9,93","22,63"
18/05/2025 02:00:00,"3,66","29,27","8,29","22,57"
18/05/2025 03:00:00,"3,37","29,68","7,43","21,87"
18/05/2025 04:00:00,"3,2","29,38","7,32","21,9"
18/05/2025 05:00:00,"2,87","29,34","7,22","21,57"
18/05/2025 06:00:00,"3,01","29,11","7,25","21,08"
18/05/2025 07:00:00,"4,09","29,7","6,59","20,58"
18/05/2025 08:00:00,"5,02","31,47","6,63","18,32"
18/05/2025 09:00:00,"5,31","33,54","6,83","16,17"
18/05/2025 10:00:00,"5,62","35,64","7,27","14,81"
18/05/2025 11:00:00,"5,84","36,9","7,45","14,87"
18/05/2025 12:00:00,"5,77","37,34","7,46","14,69"
18/05/2025 13:00:00,"5,31","36,96","7,32","14,77"
18/05/2025 14:00:00,"4,9","35,59","6,91","16,62"
18/05/2025 15:00:00,"5,1","34,33","7,69","18,2"
18/05/2025 16:00:00,"5,55","35,17","10,52","17,5"
18/05/2025 17:00:00,"5,13","37,17","13,79","19,04"
18/05/2025 18:00:00,"7,35","38,5","14,72","21,39"
18/05/2025 19:00:00,"7,04","37,89","13,56","21,88"
18/05/2025 20:00:00,"5,08","38,52","13,08","22,24"
18/05/2025 21:00:00,"4,55","38,34","12,15","22,39"
18/05/2025 22:00:00,"4,29","37,01","11,7","22,22"
18/05/2025 23:00:00,"3,98","35,38","10,83","21,49"
19/05/2025 00:00:00,"2,89","34,51","9,77","21,1"
19/05/2025 01:00:00,"2,54","32,99","9,5","20,9"
19/05/2025 02:00:00,"2,3","32,49","9,35","20,49"
19/05/2025 03:00:00,"2,33","32,1","9,14","20,45"
19/05/2025 04:00:00,"2,37","32,3","9,35","20,27"
19/05/2025 05:00:00,"3,26","33,71","10,04","20,15"
19/05/2025 06:00:00,"4,94","34,88","10,33","21,69"
19/05/2025 07:00:00,"6,62","37,32","9,77","22,07"
19/05/2025 08:00:00,"7,69","39,67","9,07","22,92"
19/05/2025 09:00:00,"8,1","40,26","8,96","23,42"
19/05/2025 10:00:00,"9,73","40,81",9,"22,91"
19/05/2025 11:00:00,"9,88","41,71","9,07","22,58"
19/05/2025 12:00:00,"8,41","41,72","9,02","21,9"
19/05/2025 13:00:00,"8,34","43,01","10,1","21,14"
19/05/2025 14:00:00,"9,26","43,54","11,5","19,85"
19/05/2025 15:00:00,"9,21","43,01","14,45","18,75"
19/05/2025 16:00:00,"9,36","42,48","17,45","17,53"
19/05/2025 17:00:00,"9,15","43,67","17,67","17,31"
19/05/2025 18:00:00,"10,15","44,15","18,06","18,76"
19/05/2025 19:00:00,"9,69","43,84","17,19","19,52"
19/05/2025 20:00:00,"8,68","43,04","16,62","20,36"
19/05/2025 21:00:00,"7,56","42,23","16,42","21,21"
19/05/2025 22:00:00,"6,28","39,91","15,95","21,29"
19/05/2025 23:00:00,"5,28","36,58","15,61","20,54"
20/05/2025 00:00:00,"3,4","35,14","15,91","19,11"
20/05/2025 01:00:00,"3,15","32,85","15,72","18,49"
20/05/2025 02:00:00,"3,21","31,47","15,29","18,11"
20/05/2025 03:00:00,3,"30,88","15,42","17,71"
20/05/2025 04:00:00,3,"31,2","15,78","17,31"
20/05/2025 05:00:00,"3,58","32,65","16,26","17,37"
20/05/2025 06:00:00,"5,23","35,39","15,08","18,14"
20/05/2025 07:00:00,"7,16","38,14","11,96","20,33"
20/05/2025 08:00:00,"8,41","39,82","10,3","22,49"
20/05/2025 09:00:00,"9,29","40,99","9,64","21,78"
20/05/2025 10:00:00,"10,43","42,76","9,19","20,76"
20/05/2025 11:00:00,"10,14","44,17","9,39","20,35"
20/05/2025 12:00:00,"8,46","44,24","9,99","19,05"
20/05/2025 13:00:00,"9,25","44,54",12,"17,75"
20/05/2025 14:00:00,"10,32","44,3","15,05","16,02"
20/05/2025 15:00:00,"10,69","43,89","17,77","14,87"
20/05/2025 16:00:00,"10,73","43,84","19,99","13,55"
20/05/2025 17:00:00,"10,15","45,55","19,91","12,79"
20/05/2025 18:00:00,"10,04","46,63","19,78","14,85"
20/05/2025 19:00:00,"9,06","45,08","19,33","16,66"
20/05/2025 20:00:00,"8,14","43,83","18,72","17,6"
20/05/2025 21:00:00,"7,13","42,94","18,69","18,3"
20/05/2025 22:00:00,"5,95","40,61","18,5","18,15"
20/05/2025 23:00:00,"5,1","37,36","17,97","17,48"
21/05/2025 00:00:00,"3,6",36,"16,11","17,58"
21/05/2025 01:00:00,"3,52","34,07","14,67","17,55"
21/05/2025 02:00:00,"3,62","32,85","14,29","16,97"
21/05/2025 03:00:00,"3,74","32,16","14,06","16,81"
21/05/2025 04:00:00,"3,93","32,38","14,59","16,18"
21/05/2025 05:00:00,"4,36","33,6","15,89","16,18"
21/05/2025 06:00:00,"5,41","35,47","15,83","17,77"
21/05/2025 07:00:00,"7,3","37,25","12,9","20,43"
21/05/2025 08:00:00,"8,76","38,92","10,55","22,46"
21/05/2025 09:00:00,"9,95","39,03","9,75","23,31"
21/05/2025 10:00:00,"10,82","40,61","9,91","22,19"
21/05/2025 11:00:00,"10,82","41,78","10,09","21,1"
21/05/2025 12:00:00,"9,85","41,7","10,2","19,41"
21/05/2025 13:00:00,"9,43","43,68","10,89","18,81"
21/05/2025 14:00:00,"9,55","44,85","12,36","18,14"
21/05/2025 15:00:00,"9,23","45,15","15,43","16,64"
21/05/2025 16:00:00,"9,34","44,18","19,1","15,54"
21/05/2025 17:00:00,"9,29","44,23","19,74","15,98"
21/05/2025 18:00:00,"9,83","44,93","17,66","19,57"
21/05/2025 19:00:00,"8,62","44,8","15,72","21,24"
21/05/2025 20:00:00,"7,08","44,41","15,65","21,38"
21/05/2025 21:00:00,"6,64","43,31","15,69","21,5"
21/05/2025 22:00:00,"5,95","40,26","15,54","21,39"
21/05/2025 23:00:00,"4,15","37,5","15,47","20,76"
22/05/2025 00:00:00,"3,1","34,58","15,15","20,15"
22/05/2025 01:00:00,"2,98","33,06","13,57","19,8"
22/05/2025 02:00:00,"3,03","32,34","12,29","19,7"
22/05/2025 03:00:00,"3,02","31,93","11,44","20,16"
22/05/2025 04:00:00,"2,98","32,16","11,21","20,46"
22/05/2025 05:00:00,"3,42","33,88","11,84","20,23"
22/05/2025 06:00:00,"4,86","35,98","12,15","20,73"
22/05/2025 07:00:00,"6,47","37,79","10,49","22,76"
22/05/2025 08:00:00,"7,59","40,09","9,32","23,62"
22/05/2025 09:00:00,"8,72","41,04","8,63","23,2"
22/05/2025 10:00:00,"9,65","42,97","8,57","22,34"
22/05/2025 11:00:00,"10,05","43,57","8,67","22,07"
22/05/2025 12:00:00,"9,05","43,6","8,86","20,57"
22/05/2025 13:00:00,"9,19","43,81","11,08","19,56"
22/05/2025 14:00:00,"9,19","44,47","12,8","18,85"
22/05/2025 15:00:00,"9,19","43,93","14,66","18,26"
22/05/2025 16:00:00,"9,62","43,39","18,01","16,33"
22/05/2025 17:00:00,"9,8","44,01","19,27","15,33"
22/05/2025 18:00:00,"9,04","45,48","18,47","18,46"
22/05/2025 19:00:00,"8,51","44,39","16,74","20,14"
22/05/2025 20:00:00,"7,21","43,7","16,09","20,76"
22/05/2025 21:00:00,"6,42","42,7","15,85","21,47"
22/05/2025 22:00:00,"5,57","39,49","15,87","21,82"
22/05/2025 23:00:00,"4,03","37,13","15,38","21,1"
23/05/2025 00:00:00,"2,95","34,5","14,92","20,98"
23/05/2025 01:00:00,"2,99","32,82","13,67","20,63"
23/05/2025 02:00:00,"2,93","32,42","12,32","20,2"
23/05/2025 03:00:00,"2,92","32,31","11,31","20,15"
23/05/2025 04:00:00,"2,94","33,09","10,95","20,08"
23/05/2025 05:00:00,"3,02","35,59","11,69","19,46"
23/05/2025 06:00:00,"5,31","37,57","11,55","19,75"
23/05/2025 07:00:00,"6,55","39,71","10,45","21,25"
23/05/2025 08:00:00,"7,92","40,05","10,01","23,18"
23/05/2025 09:00:00,"9,28","40,22","10,01","22,93"
23/05/2025 10:00:00,"10,05","42,08","10,2","21,47"
23/05/2025 11:00:00,"9,57","43,19","10,36","20,61"
23/05/2025 12:00:00,"7,65","43,86","10,41","19,61"
23/05/2025 13:00:00,"7,87","44,54","10,98","19,44"
23/05/2025 14:00:00,"8,41","44,45","13,05","18,08"
23/05/2025 15:00:00,"8,5","42,67","16,46","16,64"
23/05/2025 16:00:00,"8,94","42,38","18,31","15,1"
23/05/2025 17:00:00,"9,13","44,57","18,56","14,6"
23/05/2025 18:00:00,"9,97","43,56","18,35","18,21"
23/05/2025 19:00:00,"7,93","43,04","16,32","21,12"
23/05/2025 20:00:00,"6,02","42,73","15,43","21,82"
23/05/2025 21:00:00,"5,54","41,45","15,52","21,96"
23/05/2025 22:00:00,"4,75","39,26","15,15","22,39"
23/05/2025 23:00:00,"3,71","36,94","14,96","21,86"
24/05/2025 00:00:00,"3,66","33,64","13,71","21,87"
24/05/2025 01:00:00,"3,37","31,71","12,99","21,32"
24/05/2025 02:00:00,"3,34","30,83","11,6","21,32"
24/05/2025 03:00:00,"3,36","30,42","10,69","21,18"
24/05/2025 04:00:00,"3,41","30,12","10,59","21,18"
24/05/2025 05:00:00,"3,42","30,3","10,78","21,02"
24/05/2025 06:00:00,"3,53","31,83","9,37","21,92"
24/05/2025 07:00:00,"4,4","33,1","7,52","23,76"
24/05/2025 08:00:00,"5,12","35,54","7,58","23,16"
24/05/2025 09:00:00,"5,41","37,61","7,91","22,16"
24/05/2025 10:00:00,"6,06","39,67","8,23","20,01"
24/05/2025 11:00:00,"6,16","40,58","8,33","19,35"
24/05/2025 12:00:00,"6,03","40,82","8,82","17,88"
24/05/2025 13:00:00,"5,88","40,75","8,81","17,36"
24/05/2025 14:00:00,"5,3","40,81","8,75","17,45"
24/05/2025 15:00:00,"4,72","39,77","9,6","18,51"
24/05/2025 16:00:00,"4,82","38,73","12,99","18,15"
24/05/2025 17:00:00,"6,23","41,22",16,"17,04"
24/05/2025 18:00:00,"7,26","42,92","16,25","19,07"
24/05/2025 19:00:00,"5,73","40,26","16,18","21,17"
24/05/2025 20:00:00,"4,49","38,79","14,83","22,31"
24/05/2025 21:00:00,"3,26","37,5","14,81","22,15"
24/05/2025 22:00:00,"3,29","35,47","13,25","22,24"
24/05/2025 23:00:00,"3,27","33,79","12,14","21,7"
25/05/2025 00:00:00,"3,2","32,6","10,41","21,28"
25/05/2025 01:00:00,"3,28","30,92","9,08","21,31"
25/05/2025 02:00:00,"3,41","29,64","8,58",21
25/05/2025 03:00:00,"3,43","28,38","8,35","21,26"
25/05/2025 04:00:00,"3,31","27,86","8,23","21,03"
25/05/2025 05:00:00,"3,34","27,85","7,94","20,64"
25/05/2025 06:00:00,"3,24","27,78","6,97","20,79"
25/05/2025 07:00:00,"3,47","28,87","6,18","20,91"
25/05/2025 08:00:00,"4,23","31,92","6,49","18,08"
25/05/2025 09:00:00,"4,99","34,58","6,93","14,93"
25/05/2025 10:00:00,"5,47","36,19","7,32","13,59"
25/05/2025 11:00:00,"5,68","36,98","7,44","13,66"
25/05/2025 12:00:00,"5,67","37,14","7,4","13,52"
25/05/2025 13:00:00,"5,3","36,71","7,18","13,76"
25/05/2025 14:00:00,"5,07","36,19","7,22",14
25/05/2025 15:00:00,"4,82","35,69","8,55","14,59"
25/05/2025 16:00:00,"4,25","35,29","11,22","16,9"
25/05/2025 17:00:00,"5,05","37,75","13,57","18,32"
25/05/2025 18:00:00,"6,21","38,86","14,7","21,49"
25/05/2025 19:00:00,"4,56","38,68","14,75","21,82"
25/05/2025 20:00:00,"3,81","37,94","14,93","21,56"
25/05/2025 21:00:00,"3,35","37,28","14,53","21,32"
25/05/2025 22:00:00,"3,31","35,39","13,12","21,83"
25/05/2025 23:00:00,"3,32","33,03","11,33","21,96"
26/05/2025 00:00:00,"3,09","31,05","9,43","22,2"
26/05/2025 01:00:00,3,"30,34","8,18",22
26/05/2025 02:00:00,"2,99","30,04","7,66","21,51"
26/05/2025 03:00:00,"3,06","29,58","7,31","21,56"
26/05/2025 04:00:00,"3,21","29,76","7,11","22,04"
26/05/2025 05:00:00,"3,42","31,04","8,69","22,03"
26/05/2025 06:00:00,"4,87","32,6","10,28","22,31"
26/05/2025 07:00:00,"5,52","36,1","8,98","23,43"
26/05/2025 08:00:00,"6,67","39,6","7,82","23,42"
26/05/2025 09:00:00,"7,27","40,12","7,98","23,83"
26/05/2025 10:00:00,"8,36","41,34","8,15","22,57"
26/05/2025 11:00:00,"9,15","42,08","8,47","21,15"
26/05/2025 12:00:00,"8,12","41,89","8,47","20,33"
26/05/2025 13:00:00,"8,16","42,05","8,87","21,32"
26/05/2025 14:00:00,"8,78","40,41","10,58","22,46"
26/05/2025 15:00:00,"8,84","39,73","13,26","21,64"
26/05/2025 16:00:00,"8,84","40,24","16,5","19,1"
26/05/2025 17:00:00,"8,5","41,31","17,07","18,7"
26/05/2025 18:00:00,"8,59","42,64","16,71","20,91"
26/05/2025 19:00:00,"8,23","42,55","16,24","20,75"
26/05/2025 20:00:00,"7,34","41,33","16,02","21,34"
26/05/2025 21:00:00,"6,74","40,44","15,51","21,86"
26/05/2025 22:00:00,"5,7","36,77","15,74","22,11"
26/05/2025 23:00:00,"3,74","34,02","15,59","21,63"
27/05/2025 00:00:00,"3,11",32,"14,32","20,88"
27/05/2025 01:00:00,"3,03","30,23","12,47","21,05"
27/05/2025 02:00:00,"3,09","29,21","10,75","21,68"
27/05/2025 03:00:00,"3,32","28,23","10,1","22,35"
27/05/2025 04:00:00,"3,49","29,03","9,87","22,02"
27/05/2025 05:00:00,"3,47","31,55","10,39","21,91"
27/05/2025 06:00:00,"4,15","34,32","10,92","22,67"
27/05/2025 07:00:00,"5,93","36,54","8,88","24,67"
27/05/2025 08:00:00,"7,1","39,04","8,15","25,19"
27/05/2025 09:00:00,"8,26","39,94","8,41","23,83"
27/05/2025 10:00:00,"8,79","41,59","8,42","23,58"
27/05/2025 11:00:00,"9,29","42,28","8,39","23,47"
27/05/2025 12:00:00,"8,78","41,31","8,38","22,78"
27/05/2025 13:00:00,"9,11","42,14","8,93","23,33"
27/05/2025 14:00:00,"9,59","42,31","10,34","23,02"
27/05/2025 15:00:00,"9,54","41,89","11,75","22,31"
27/05/2025 16:00:00,"9,45","40,43","14,82","21,49"
27/05/2025 17:00:00,"8,6","42,26","17,25","18,95"
27/05/2025 18:00:00,"8,28","44,5","16,52","20,88"
27/05/2025 19:00:00,"8,03","42,98","14,98","22,92"
27/05/2025 20:00:00,"7,14","42,78","14,72","22,45"
27/05/2025 21:00:00,"6,65","41,53","14,47",23
27/05/2025 22:00:00,"5,38","38,87","14,59","22,72"
27/05/2025 23:00:00,"4,39","35,27","14,41","22,09"
28/05/2025 00:00:00,"4,23","32,3","13,18","21,67"
28/05/2025 01:00:00,"4,17","30,8","11,96","20,99"
28/05/2025 02:00:00,"4,14","29,22","11,36","20,98"
28/05/2025 03:00:00,"4,07","28,15","10,5","21,9"
28/05/2025 04:00:00,"4,04","28,55","10,17","22,17"
28/05/2025 05:00:00,"4,2",30,"11,47","21,87"
28/05/2025 06:00:00,"4,7","33,5","11,68","22,15"
28/05/2025 07:00:00,"6,22","36,33","10,15","23,27"
28/05/2025 08:00:00,"8,06","37,9","9,91","24,23"
28/05/2025 09:00:00,"8,5","38,69","10,78","24,14"
28/05/2025 10:00:00,"8,81","40,18","10,8","24,29"
28/05/2025 11:00:00,"9,15","40,63","10,85","24,01"
28/05/2025 12:00:00,"7,77","39,86","10,75","23,89"
28/05/2025 13:00:00,"7,85","40,59","12,1","22,75"
28/05/2025 14:00:00,"8,29","40,26","13,96","21,87"
28/05/2025 15:00:00,"8,69","40,08","15,2","20,37"
28/05/2025 16:00:00,"8,88","40,61","17,53","17,92"
28/05/2025 17:00:00,"8,9","43,34","18,2","15,75"
28/05/2025 18:00:00,"8,6","43,43","18,04","19,21"
28/05/2025 19:00:00,"7,81","41,81","16,51","21,57"
28/05/2025 20:00:00,"6,9","42,05","14,25","22,48"
28/05/2025 21:00:00,"6,19","40,6","14,13","22,98"
28/05/2025 22:00:00,"5,4","37,24","14,12","23,01"
28/05/2025 23:00:00,"4,86","33,26","14,38","21,84"
29/05/2025 00:00:00,"4,37","30,5","13,93","21,13"
29/05/2025 01:00:00,"4,5","29,34","11,81","21,03"
29/05/2025 02:00:00,"4,54","28,38","11,12","20,36"
29/05/2025 03:00:00,"4,43","28,11","11,19","19,8"
29/05/2025 04:00:00,"4,47","28,33","11,71","19,25"
29/05/2025 05:00:00,"4,55","30,62","12,57","18,38"
29/05/2025 06:00:00,"5,13","32,91","13,49","18,85"
29/05/2025 07:00:00,"5,72","35,32","12,17","21,26"
29/05/2025 08:00:00,"6,54","37,83","10,84","23,79"
29/05/2025 09:00:00,"6,86","38,42","11,24","23,79"
29/05/2025 10:00:00,"8,29","39,37","10,95","22,52"
29/05/2025 11:00:00,"8,53","39,7","10,77","21,71"
29/05/2025 12:00:00,"7,44","38,95","10,54","21,11"
29/05/2025 13:00:00,"7,4","40,23","10,7","20,58"
29/05/2025 14:00:00,"7,65","40,55","12,57","19,58"
29/05/2025 15:00:00,"8,2","40,93","13,49","18,13"
29/05/2025 16:00:00,"9,09","41,16","16,24","15,4"
29/05/2025 17:00:00,"8,67","42,57","18,68","14,3"
29/05/2025 18:00:00,"8,4","43,88","18,8","17,61"
29/05/2025 19:00:00,"7,97","42,63","17,73","18,9"
29/05/2025 20:00:00,"7,34","41,28","16,58","19,92"
29/05/2025 21:00:00,"6,65","39,18","16,32","21,09"
29/05/2025 22:00:00,"5,23","36,01","15,95","21,98"
29/05/2025 23:00:00,"3,97","33,23","14,78","21,43"
30/05/2025 00:00:00,"3,98","33,55","12,51","20,36"
30/05/2025 01:00:00,"4,06","31,98","11,28","19,76"
30/05/2025 02:00:00,"4,11","31,09","10,41","19,06"
30/05/2025 03:00:00,"4,1","30,72","10,48","18,39"
30/05/2025 04:00:00,"3,97","31,76","10,39","17,82"
30/05/2025 05:00:00,"3,91","33,77","11,59","17,23"
30/05/2025 06:00:00,"4,3","36,59","12,09","18,28"
30/05/2025 07:00:00,"5,69","38,64","9,93","21,36"
30/05/2025 08:00:00,"7,28","39,7","8,89","23,31"
30/05/2025 09:00:00,"7,3","39,72","9,34","23,72"
30/05/2025 10:00:00,"7,66","41,82","9,92","21,31"
30/05/2025 11:00:00,"7,85","42,86","9,94","20,09"
30/05/2025 12:00:00,"7,45","41,18","10,23","18,73"
30/05/2025 13:00:00,"7,09","42,66","10,61","17,92"
30/05/2025 14:00:00,"6,63","42,51","11,42","18,71"
30/05/2025 15:00:00,"6,29","42,56","13,02","18,39"
30/05/2025 16:00:00,"6,94","41,47","16,99","16,53"
30/05/2025 17:00:00,"7,15","42,4","19,25","16,45"
30/05/2025 18:00:00,"8,11","43,78",18,"19,74"
30/05/2025 19:00:00,"7,8","42,22","16,62","21,18"
30/05/2025 20:00:00,"7,34","40,97","14,65","22,14"
30/05/2025 21:00:00,"6,41","40,22","13,43","23,06"
30/05/2025 22:00:00,"4,91","38,89","13,63","22,26"
30/05/2025 23:00:00,"3,82","36,16","13,8","21,16"
31/05/2025 00:00:00,"3,33","33,85","13,31",20
31/05/2025 01:00:00,"3,35","31,93","12,38","19,32"
31/05/2025 02:00:00,"3,32","30,14","11,84","19,47"
31/05/2025 03:00:00,"3,35","29,28","11,63","19,59"
31/05/2025 04:00:00,"3,35","29,05","11,32","19,66"
31/05/2025 05:00:00,"3,37","29,08","11,7","19,33"
31/05/2025 06:00:00,"3,5","29,25","11,44","20,42"
31/05/2025 07:00:00,"4,4","31,01","10,94",21
31/05/2025 08:00:00,"5,79","32,72","9,87","21,51"
31/05/2025 09:00:00,"6,79","34,27","9,6","20,34"
31/05/2025 10:00:00,"7,39","35,78","9,77","18,97"
31/05/2025 11:00:00,"7,57","36,76","10,08","17,8"
31/05/2025 12:00:00,"7,28","36,95",10,17
31/05/2025 13:00:00,"7,01","36,26","10,02","17,1"
31/05/2025 14:00:00,"6,34","35,32","10,22","18,11"
31/05/2025 15:00:00,"5,36","34,78","11,04","19,21"
31/05/2025 16:00:00,"5,04","35,69","12,99","19,5"
31/05/2025 17:00:00,"5,75","39,18","15,62","18,85"
31/05/2025 18:00:00,"7,28","40,64","15,66","22,01"
31/05/2025 19:00:00,"6,61","38,62","15,24","22,49"
31/05/2025 20:00:00,"4,75","38,36","14,32","22,57"
31/05/2025 21:00:00,"3,96","37,16","12,73","23,33"
31/05/2025 22:00:00,"3,58","34,5","12,16","23,49"
31/05/2025 23:00:00,"3,51","31,69","11,78","23,05"
01/06/2025 00:00:00,"3,55","29,83","10,68","22,84"
01/06/2025 01:00:00,"3,66","27,53","9,9","22,62"
01/06/2025 02:00:00,"3,61","26,8","8,92","22,35"
01/06/2025 03:00:00,"3,63","26,34","8,17","21,91"
01/06/2025 04:00:00,"3,62","26,05","8,05","21,65"
01/06/2025 05:00:00,"3,53","26,04","7,79","21,81"
01/06/2025 06:00:00,"3,51","25,96","7,63","21,84"
01/06/2025 07:00:00,"3,78","27,25","6,96","21,54"
01/06/2025 08:00:00,"4,74","29,65","7,25","19,1"
01/06/2025 09:00:00,"5,5","32,24","7,73","16,11"
01/06/2025 10:00:00,"6,19","33,89","7,92","14,36"
01/06/2025 11:00:00,"6,63","35,15","8,45","13,12"
01/06/2025 12:00:00,"6,7","35,11","8,51","12,83"
01/06/2025 13:00:00,"6,52","34,32","8,61","12,68"
01/06/2025 14:00:00,"5,92","32,79","8,49","14,17"
01/06/2025 15:00:00,"5,08","32,04","9,59","15,92"
01/06/2025 16:00:00,"5,31","33,52","12,27","15,35"
01/06/2025 17:00:00,"5,57","37,09","15,41","16,69"
01/06/2025 18:00:00,"8,02","38,64","15,95","19,15"
01/06/2025 19:00:00,"7,15","36,84","15,35","20,51"
01/06/2025 20:00:00,"6,43","35,87","13,84","22,04"
01/06/2025 21:00:00,"5,77","35,42","12,29","23,26"
01/06/2025 22:00:00,"5,26","34,11","11,45","22,85"
01/06/2025 23:00:00,"4,95","31,59","10,74","22,32"
02/06/2025 00:00:00,"4,2","30,24","10,17","21,3"
02/06/2025 01:00:00,"3,32","29,06","10,22","20,9"
02/06/2025 02:00:00,"3,42","27,68","9,66","21,28"
02/06/2025 03:00:00,"3,48","27,14","9,58","21,36"
02/06/2025 04:00:00,"3,52","27,57","9,57","21,35"
02/06/2025 05:00:00,"3,61","29,75","10,67","20,9"
02/06/2025 06:00:00,"4,59","32,56","11,16","21,55"
02/06/2025 07:00:00,"6,39","35,24","9,55","22,95"
02/06/2025 08:00:00,"7,7","37,84","8,78","23,59"
02/06/2025 09:00:00,"8,22","39,27","8,63","23,34"
02/06/2025 10:00:00,"9,17","40,27","8,82","23,22"
02/06/2025 11:00:00,"10,24","41,01","8,76","21,68"
02/06/2025 12:00:00,"7,45","41,5","8,67","22,12"
02/06/2025 13:00:00,"8,03","41,15","9,09","22,9"
02/06/2025 14:00:00,"9,99","39,77","9,5","23,25"
02/06/2025 15:00:00,"10,24","39,41","11,17","22,44"
02/06/2025 16:00:00,"9,99","39,84","13,36","21,55"
02/06/2025 17:00:00,"8,86","41,62","14,83","21,19"
02/06/2025 18:00:00,"9,23","43,68","14,98","22,02"
02/06/2025 19:00:00,"9,34","42,49","14,82","22,09"
02/06/2025 20:00:00,"9,03","42,02","14,39","21,56"
02/06/2025 21:00:00,"8,24","41,08","13,9","22,16"
02/06/2025 22:00:00,"7,49","37,26","14,17","22,17"
02/06/2025 23:00:00,"5,35","35,07","13,17","21,92"
03/06/2025 00:00:00,"4,25","32,8","11,76","22,04"
03/06/2025 01:00:00,"4,04","30,84","10,68","22,19"
03/06/2025 02:00:00,"3,65","30,07","10,09","21,98"
03/06/2025 03:00:00,"3,5","29,96","9,93","21,56"
03/06/2025 04:00:00,"3,41","29,91","9,93","22,04"
03/06/2025 05:00:00,"3,89","31,47","10,82","21,93"
03/06/2025 06:00:00,"5,41","33,81","11,75","22,13"
03/06/2025 07:00:00,"7,16","36,47","11,22","22,58"
03/06/2025 08:00:00,"8,39","39,15","9,91","23,82"
03/06/2025 09:00:00,"10,28","39,21","9,44","23,64"
03/06/2025 10:00:00,"11,43","39,3","9,12","23,97"
03/06/2025 11:00:00,"11,42","39,84","9,07","23,71"
03/06/2025 12:00:00,"9,45","40,41","9,06","22,16"
03/06/2025 13:00:00,"9,64","39,85","9,71","23,04"
03/06/2025 14:00:00,"10,14","39,16","10,29","23,79"
03/06/2025 15:00:00,"10,12","39,82","11,12","22,85"
03/06/2025 16:00:00,"10,24","40,5","13,76","21,25"
03/06/2025 17:00:00,"10,34","41,5","15,85","19,78"
03/06/2025 18:00:00,"10,36","43,17","16,13","21,51"
03/06/2025 19:00:00,"10,1","42,29","16,17","21,56"
03/06/2025 20:00:00,"9,46","41,68","16,05","21,2"
03/06/2025 21:00:00,"8,77","40,84","14,77","22,1"
03/06/2025 22:00:00,"7,68","38,14","14,16","22,35"
03/06/2025 23:00:00,"5,59","35,43","13,31","22,38"
04/06/2025 00:00:00,"4,35","33,65","10,93","22,94"
04/06/2025 01:00:00,"4,22","31,63","9,95","22,85"
04/06/2025 02:00:00,"4,21","30,1","9,83","22,43"
04/06/2025 03:00:00,"4,26","29,36","9,7","22,1"
04/06/2025 04:00:00,"4,27","29,72","9,95","21,83"
04/06/2025 05:00:00,"4,99","30,74","11,72","21,19"
04/06/2025 06:00:00,"6,04","34,04","11,75","21,84"
04/06/2025 07:00:00,"8,13","35,75","10,12","23,37"
04/06/2025 08:00:00,"8,93","38,8","8,77","23,89"
04/06/2025 09:00:00,"9,67","39,67","9,27","22,45"
04/06/2025 10:00:00,"10,8","41,03","9,44","21,04"
04/06/2025 11:00:00,"11,29","42,16","9,42","19,68"
04/06/2025 12:00:00,"9,54","41,67","9,37","19,26"
04/06/2025 13:00:00,"8,59","43,29","9,7",20
04/06/2025 14:00:00,"9,26","44,11","9,58","20,82"
04/06/2025 15:00:00,"9,8","44,14","10,55","20,61"
04/06/2025 16:00:00,"10,43","42,55","14,14","19,74"
04/06/2025 17:00:00,"10,14",43,"17,57","17,89"
04/06/2025 18:00:00,"10,76","44,08","17,65","19,74"
04/06/2025 19:00:00,"10,17","43,32","16,86","20,37"
04/06/2025 20:00:00,"8,94","43,01","15,23","21,45"
04/06/2025 21:00:00,"8,22","42,16",14,"22,63"
04/06/2025 22:00:00,"7,93","38,6","13,68","22,8"
04/06/2025 23:00:00,"5,74","36,64","13,45","21,89"
05/06/2025 00:00:00,"4,56","34,08","13,15","20,92"
05/06/2025 01:00:00,"4,2","31,96","12,3","20,65"
05/06/2025 02:00:00,"4,27","30,75","11,82","20,3"
05/06/2025 03:00:00,"4,5","30,5","10,87","20,17"
05/06/2025 04:00:00,"4,64","30,55","10,96","20,14"
05/06/2025 05:00:00,"4,72","32,45","11,97","19,79"
05/06/2025 06:00:00,"6,26","34,76","11,98","20,29"
05/06/2025 07:00:00,"7,33","37,01","10,06","23,2"
05/06/2025 08:00:00,"8,45","39,86","9,32","23,56"
05/06/2025 09:00:00,"10,3","39,96","9,49","22,78"
05/06/2025 10:00:00,"10,47","41,52","9,69","22,12"
05/06/2025 11:00:00,"10,39","41,78","9,89","22,01"
05/06/2025 12:00:00,"9,18","41,42","9,94","21,42"
05/06/2025 13:00:00,"9,35","42,77","9,73","21,5"
05/06/2025 14:00:00,"9,35","44,76","9,82","21,38"
05/06/2025 15:00:00,"9,27","45,28","11,39","20,57"
05/06/2025 16:00:00,"9,55","44,69","14,76","18,58"
05/06/2025 17:00:00,"9,79","44,01","16,7","17,62"
05/06/2025 18:00:00,"9,09","44,54","17,17","20,24"
05/06/2025 19:00:00,"9,1","43,6","15,91","21,13"
05/06/2025 20:00:00,"8,69","41,88","14,87","21,48"
05/06/2025 21:00:00,"8,37","41,62","14,15","21,46"
05/06/2025 22:00:00,"8,28","38,1","13,97","21,79"
05/06/2025 23:00:00,"7,38","34,75","13,51","21,28"
06/06/2025 00:00:00,"6,27","33,27","12,81","20,5"
06/06/2025 01:00:00,"5,11","32,1","11,83","20,48"
06/06/2025 02:00:00,"4,64","31,39","10,68","20,56"
06/06/2025 03:00:00,"4,57","31,23","10,22","20,31"
06/06/2025 04:00:00,"4,51","31,37","10,1","20,57"
06/06/2025 05:00:00,"4,68","33,02","11,45","20,15"
06/06/2025 06:00:00,"5,56","34,95","12,29","21,21"
06/06/2025 07:00:00,"7,6","37,97","11,03","21,34"
06/06/2025 08:00:00,"9,22","39,41","9,55","22,98"
06/06/2025 09:00:00,"10,24","39,52","8,92","23,63"
06/06/2025 10:00:00,"10,89","39,59","8,92",24
06/06/2025 11:00:00,"10,92","39,81","9,18","23,79"
06/06/2025 12:00:00,"10,39","39,75","9,23","22,37"
06/06/2025 13:00:00,"10,2","42,13","9,84","21,57"
06/06/2025 14:00:00,"9,78","43,5","11,01","20,83"
06/06/2025 15:00:00,"9,73","43,21","12,24","19,93"
06/06/2025 16:00:00,"9,44","42,41","16,24","18,11"
06/06/2025 17:00:00,"9,58","43,59","18,33","16,95"
06/06/2025 18:00:00,"9,78","44,26","17,29","20,06"
06/06/2025 19:00:00,"9,82","43,08","15,03","21,65"
06/06/2025 20:00:00,"8,87","43,15","12,93","22,25"
06/06/2025 21:00:00,"8,12","42,55","12,63","22,29"
06/06/2025 22:00:00,"7,21","40,43","12,48","22,48"
06/06/2025 23:00:00,"6,07","37,93","12,69","21,75"
07/06/2025 00:00:00,"4,97","35,08","12,91","21,18"
07/06/2025 01:00:00,"4,55","33,56","11,84","20,54"
07/06/2025 02:00:00,"4,3","32,98","10,39","20,28"
07/06/2025 03:00:00,"4,22","32,85","9,53","20,18"
07/06/2025 04:00:00,"4,15","32,62","9,81","19,79"
07/06/2025 05:00:00,"4,2","33,01","9,83","19,72"
07/06/2025 06:00:00,"4,55","33,55","9,51","20,43"
07/06/2025 07:00:00,"5,53","35,76","7,75","21,33"
07/06/2025 08:00:00,"6,5","38,65","6,4","21,84"
07/06/2025 09:00:00,"7,23","39,33","6,21","22,12"
07/06/2025 10:00:00,"7,34","40,07","6,54","21,82"
07/06/2025 11:00:00,"7,74","40,44","6,8","21,09"
07/06/2025 12:00:00,"7,84","40,11","6,84","20,45"
07/06/2025 13:00:00,"7,19","39,92","7,07","20,33"
07/06/2025 14:00:00,"6,27","40,14","7,47","20,11"
07/06/2025 15:00:00,"5,44","41,38","8,42","19,28"
07/06/2025 16:00:00,"6,12","42,22","9,57","18,91"
07/06/2025 17:00:00,"7,2","44,04","13,22","18,05"
07/06/2025 18:00:00,"8,42","42,87","15,29","21,15"
07/06/2025 19:00:00,"7,99","39,68","14,87","22,58"
07/06/2025 20:00:00,"6,53","38,59","13,92","22,85"
07/06/2025 21:00:00,"5,15","37,67","13,47","23,21"
07/06/2025 22:00:00,"4,66","35,55","12,91","23,28"
07/06/2025 23:00:00,"4,45","34,01","12,4","22,05"
08/06/2025 00:00:00,"4,26","31,99","11,41","21,71"
08/06/2025 01:00:00,"4,18","30,75","9,47","21,7"
08/06/2025 02:00:00,"4,13","29,95","7,9","21,77"
08/06/2025 03:00:00,"4,1","29,81",7,"21,47"
08/06/2025 04:00:00,"4,11","29,54","6,72","21,16"
08/06/2025 05:00:00,"4,07","29,81","7,01","20,36"
08/06/2025 06:00:00,"4,15","29,82","6,9","20,14"
08/06/2025 07:00:00,"4,29","30,5","7,09","19,42"
08/06/2025 08:00:00,"4,32","32,05","7,38","18,95"
08/06/2025 09:00:00,"4,89","35,11","6,78","17,59"
08/06/2025 10:00:00,"5,32","37,27","7,08","16,79"
08/06/2025 11:00:00,"5,71","38,41","7,4","16,81"
08/06/2025 12:00:00,"5,62","39,44","7,39","15,6"
08/06/2025 13:00:00,"5,54","38,37","7,2","15,14"
08/06/2025 14:00:00,"5,25","36,96","7,49","15,24"
08/06/2025 15:00:00,"5,13","37,08","8,62","15,02"
08/06/2025 16:00:00,"6,13","38,04","10,48","14,32"
08/06/2025 17:00:00,"6,08","40,64","13,42","16,12"
08/06/2025 18:00:00,"6,79","41,44","14,17","19,42"
08/06/2025 19:00:00,"6,32","39,74","13,7","21,48"
08/06/2025 20:00:00,"5,88","37,75","12,99","22,84"
08/06/2025 21:00:00,"5,76","36,03","13,11","22,99"
08/06/2025 22:00:00,"5,25","33,63","13,17","23,04"
08/06/2025 23:00:00,"4,97","31,46","13,12","21,73"
09/06/2025 00:00:00,"4,79","31,27","11,57","20,06"
09/06/2025 01:00:00,"4,53","31,31","10,43","18,88"
09/06/2025 02:00:00,"4,5","31,34","9,84","18,03"
09/06/2025 03:00:00,"4,48","31,99","9,91","16,78"
09/06/2025 04:00:00,"4,46","34,17","9,39","15,5"
09/06/2025 05:00:00,"4,46","37,66","10,24","14,23"
09/06/2025 06:00:00,"5,79","39,84","11,94","14,39"
09/06/2025 07:00:00,"7,8","40,69","11,68","16,41"
09/06/2025 08:00:00,"9,63","42,49","9,25","19,33"
09/06/2025 09:00:00,"10,01","43,79","8,91","19,76"
09/06/2025 10:00:00,"12,01","44,04","9,26","18,95"
09/06/2025 11:00:00,"12,32","45,04","9,58","18,24"
09/06/2025 12:00:00,"11,03","43,89","9,3","18,32"
09/06/2025 13:00:00,"11,1","43,71","10,14","18,35"
09/06/2025 14:00:00,"11,09","43,32","11,79","17,91"
09/06/2025 15:00:00,"10,75","43,5","13,3","16,71"
09/06/2025 16:00:00,"10,94","43,92","16,43","14,18"
09/06/2025 17:00:00,"11,1","44,76","18,21","13,08"
09/06/2025 18:00:00,"11,47","45,22","18,18","15,69"
09/06/2025 19:00:00,"10,54","44,08","18,04","17,35"
09/06/2025 20:00:00,"10,34","42,26","17,87","17,87"
09/06/2025 21:00:00,"9,66","41,32","17,26","18,17"
09/06/2025 22:00:00,"7,97","40,42","15,39","18,3"
09/06/2025 23:00:00,"5,51","38,21","15,04","18,01"
10/06/2025 00:00:00,"4,79","36,5","14,42","16,22"
10/06/2025 01:00:00,"4,41","35,75","12,74","15,75"
10/06/2025 02:00:00,"4,29","35,83","11,58","14,92"
10/06/2025 03:00:00,"4,28","35,93","11,4","14,19"
10/06/2025 04:00:00,"4,35","36,97","11,28","13,65"
10/06/2025 05:00:00,"4,72","38,77","12,6","13,14"
10/06/2025 06:00:00,"6,16","39,44","14,1","14,28"
10/06/2025 07:00:00,"8,69","39,3","11,79","17,83"
10/06/2025 08:00:00,"10,42","41,5","9,29","20,44"
10/06/2025 09:00:00,"11,74","41,44","9,31","20,78"
10/06/2025 10:00:00,"13,83","41,46","9,46","19,06"
10/06/2025 11:00:00,"13,41","42,13","9,62","18,37"
10/06/2025 12:00:00,"10,68","42,75","9,63","17,89"
10/06/2025 13:00:00,"9,89","44,18","9,65","17,67"
10/06/2025 14:00:00,"9,32","45,88","9,53","17,62"
10/06/2025 15:00:00,"9,66","45,39","10,32","17,57"
10/06/2025 16:00:00,"10,71","44,05","13,4","16,78"
10/06/2025 17:00:00,"10,76","43,68","15,92","16,96"
10/06/2025 18:00:00,"11,62","43,84","17,51","18,94"
10/06/2025 19:00:00,"11,76","42,03","17,14","20,03"
10/06/2025 20:00:00,"11,18","41,04","16,53","20,46"
10/06/2025 21:00:00,"10,67","39,92","15,76","21,02"
10/06/2025 22:00:00,"9,5","37,94","14,55","20,93"
10/06/2025 23:00:00,"7,06","36,34","13,59","20,64"
11/06/2025 00:00:00,"5,55","35,13","11,83","19,91"